Date,Team,Opponent,Week,Location,Spread,Total (O/U),Money Line,MOV,ATS Margin,Combined,O/U Margin,Score Team,Score Opponent,Won
2018-09-06,Atlanta,Philadelphia,1,Away,-1.0,44.5,-107.0,-6.0,-7.0,30.0,-14.5,12,18,0
2018-09-06,Philadelphia,Atlanta,1,Home,1.0,44.5,-103.0,6.0,7.0,30.0,-14.5,18,12,1
2018-09-09,Pittsburgh,Cleveland,1,Away,-3.5,41.0,-180.0,0.0,-3.5,42.0,1.0,21,21,0
2018-09-09,Cleveland,Pittsburgh,1,Home,3.5,41.0,160.0,0.0,3.5,42.0,1.0,21,21,0
2018-09-09,Cincinnati,Indianapolis,1,Away,-1.0,47.5,-105.0,11.0,10.0,57.0,9.5,34,23,1
2018-09-09,Indianapolis,Cincinnati,1,Home,1.0,47.5,-105.0,-11.0,-10.0,57.0,9.5,23,34,0
2018-09-09,Tennessee,Miami,1,Away,0.0,43.5,100.0,-7.0,-7.0,47.0,3.5,20,27,0
2018-09-09,Miami,Tennessee,1,Home,0.0,43.5,-120.0,7.0,7.0,47.0,3.5,27,20,1
2018-09-09,San Francisco,Minnesota,1,Away,6.0,46.0,236.0,-8.0,-2.0,40.0,-6.0,16,24,0
2018-09-09,Minnesota,San Francisco,1,Home,-6.0,46.0,-266.0,8.0,2.0,40.0,-6.0,24,16,1
2018-09-09,Buffalo,Baltimore,1,Away,7.5,38.5,292.0,-44.0,-36.5,50.0,11.5,3,47,0
2018-09-09,Baltimore,Buffalo,1,Home,-7.5,38.5,-365.0,44.0,36.5,50.0,11.5,47,3,1
2018-09-09,Houston,New England,1,Away,6.5,49.5,214.0,-7.0,-0.5,47.0,-2.5,20,27,0
2018-09-09,New England,Houston,1,Home,-6.5,49.5,-240.0,7.0,0.5,47.0,-2.5,27,20,1
2018-09-09,Jacksonville,NY Giants,1,Away,-3.0,42.5,-146.0,5.0,2.0,35.0,-7.5,20,15,1
2018-09-09,NY Giants,Jacksonville,1,Home,3.0,42.5,126.0,-5.0,-2.0,35.0,-7.5,15,20,0
2018-09-09,Tampa Bay,New Orleans,1,Away,10.0,50.0,405.0,8.0,18.0,88.0,38.0,48,40,1
2018-09-09,New Orleans,Tampa Bay,1,Home,-10.0,50.0,-500.0,-8.0,-18.0,88.0,38.0,40,48,0
2018-09-09,Kansas City,LA Chargers,1,Away,3.5,48.0,166.0,10.0,13.5,66.0,18.0,38,28,1
2018-09-09,LA Chargers,Kansas City,1,Home,-3.5,48.0,-186.0,-10.0,-13.5,66.0,18.0,28,38,0
2018-09-09,Washington,Arizona,1,Away,2.0,43.5,117.0,18.0,20.0,30.0,-13.5,24,6,1
2018-09-09,Arizona,Washington,1,Home,-2.0,43.5,-129.0,-18.0,-20.0,30.0,-13.5,6,24,0
2018-09-09,Seattle,Denver,1,Away,3.0,42.5,158.0,-3.0,0.0,51.0,8.5,24,27,0
2018-09-09,Denver,Seattle,1,Home,-3.0,42.5,-178.0,3.0,0.0,51.0,8.5,27,24,1
2018-09-09,Dallas,Carolina,1,Away,3.0,42.5,135.0,-8.0,-5.0,24.0,-18.5,8,16,0
2018-09-09,Carolina,Dallas,1,Home,-3.0,42.5,-155.0,8.0,5.0,24.0,-18.5,16,8,1
2018-09-09,Chicago,Green Bay,1,Away,6.5,45.0,252.0,-1.0,5.5,47.0,2.0,23,24,0
2018-09-09,Green Bay,Chicago,1,Home,-6.5,45.0,-285.0,1.0,-5.5,47.0,2.0,24,23,1
2018-09-10,NY Jets,Detroit,1,Away,7.0,44.0,290.0,31.0,38.0,65.0,21.0,48,17,1
2018-09-10,Detroit,NY Jets,1,Home,-7.0,44.0,-331.0,-31.0,-38.0,65.0,21.0,17,48,0
2018-09-10,LA Rams,Oakland,1,Away,-6.0,47.5,-265.0,20.0,14.0,46.0,-1.5,33,13,1
2018-09-10,Oakland,LA Rams,1,Home,6.0,47.5,225.0,-20.0,-14.0,46.0,-1.5,13,33,0
2018-09-13,Baltimore,Cincinnati,2,Away,-1.0,43.0,-115.0,-11.0,-12.0,57.0,14.0,23,34,0
2018-09-13,Cincinnati,Baltimore,2,Home,1.0,43.0,-105.0,11.0,12.0,57.0,14.0,34,23,1
2018-09-16,Minnesota,Green Bay,2,Away,-2.0,45.0,-125.0,0.0,-2.0,58.0,13.0,29,29,0
2018-09-16,Green Bay,Minnesota,2,Home,2.0,45.0,105.0,0.0,2.0,58.0,13.0,29,29,0
2018-09-16,Cleveland,New Orleans,2,Away,9.5,50.5,384.0,-3.0,6.5,39.0,-11.5,18,21,0
2018-09-16,New Orleans,Cleveland,2,Home,-9.5,50.5,-500.0,3.0,-6.5,39.0,-11.5,21,18,1
2018-09-16,Miami,NY Jets,2,Away,3.0,43.0,150.0,8.0,11.0,32.0,-11.0,20,12,1
2018-09-16,NY Jets,Miami,2,Home,-3.0,43.0,-170.0,-8.0,-11.0,32.0,-11.0,12,20,0
2018-09-16,LA Chargers,Buffalo,2,Away,-7.5,41.5,-335.0,11.0,3.5,51.0,9.5,31,20,1
2018-09-16,Buffalo,LA Chargers,2,Home,7.5,41.5,275.0,-11.0,-3.5,51.0,9.5,20,31,0
2018-09-16,Carolina,Atlanta,2,Away,5.5,43.5,200.0,-7.0,-1.5,55.0,11.5,24,31,0
2018-09-16,Atlanta,Carolina,2,Home,-5.5,43.5,-240.0,7.0,1.5,55.0,11.5,31,24,1
2018-09-16,Kansas City,Pittsburgh,2,Away,4.0,52.5,175.0,5.0,9.0,79.0,26.5,42,37,1
2018-09-16,Pittsburgh,Kansas City,2,Home,-4.0,52.5,-205.0,-5.0,-9.0,79.0,26.5,37,42,0
2018-09-16,Indianapolis,Washington,2,Away,6.0,48.0,210.0,12.0,18.0,30.0,-18.0,21,9,1
2018-09-16,Washington,Indianapolis,2,Home,-6.0,48.0,-250.0,-12.0,-18.0,30.0,-18.0,9,21,0
2018-09-16,Houston,Tennessee,2,Away,-3.5,41.0,-190.0,-3.0,-6.5,37.0,-4.0,17,20,0
2018-09-16,Tennessee,Houston,2,Home,3.5,41.0,163.0,3.0,6.5,37.0,-4.0,20,17,1
2018-09-16,Philadelphia,Tampa Bay,2,Away,-3.0,46.5,-150.0,-6.0,-9.0,48.0,1.5,21,27,0
2018-09-16,Tampa Bay,Philadelphia,2,Home,3.0,46.5,130.0,6.0,9.0,48.0,1.5,27,21,1
2018-09-16,Detroit,San Francisco,2,Away,6.0,48.5,220.0,-3.0,3.0,57.0,8.5,27,30,0
2018-09-16,San Francisco,Detroit,2,Home,-6.0,48.5,-267.0,3.0,-3.0,57.0,8.5,30,27,1
2018-09-16,Arizona,LA Rams,2,Away,11.5,43.5,600.0,-34.0,-22.5,34.0,-9.5,0,34,0
2018-09-16,LA Rams,Arizona,2,Home,-11.5,43.5,-800.0,34.0,22.5,34.0,-9.5,34,0,1
2018-09-16,Oakland,Denver,2,Away,6.0,44.5,215.0,-1.0,5.0,39.0,-5.5,19,20,0
2018-09-16,Denver,Oakland,2,Home,-6.0,44.5,-255.0,1.0,-5.0,39.0,-5.5,20,19,1
2018-09-16,New England,Jacksonville,2,Away,-2.0,44.5,-124.0,-11.0,-13.0,51.0,6.5,20,31,0
2018-09-16,Jacksonville,New England,2,Home,2.0,44.5,112.0,11.0,13.0,51.0,6.5,31,20,1
2018-09-16,NY Giants,Dallas,2,Away,3.0,42.0,131.0,-7.0,-4.0,33.0,-9.0,13,20,0
2018-09-16,Dallas,NY Giants,2,Home,-3.0,42.0,-151.0,7.0,4.0,33.0,-9.0,20,13,1
2018-09-17,Seattle,Chicago,2,Away,4.5,42.0,195.0,-7.0,-2.5,41.0,-1.0,17,24,0
2018-09-17,Chicago,Seattle,2,Home,-4.5,42.0,-235.0,7.0,2.5,41.0,-1.0,24,17,1
2018-09-20,NY Jets,Cleveland,3,Away,3.0,41.0,155.0,-4.0,-1.0,38.0,-3.0,17,21,0
2018-09-20,Cleveland,NY Jets,3,Home,-3.0,41.0,-175.0,4.0,1.0,38.0,-3.0,21,17,1
2018-09-23,Cincinnati,Carolina,3,Away,2.5,44.0,125.0,-10.0,-7.5,52.0,8.0,21,31,0
2018-09-23,Carolina,Cincinnati,3,Home,-2.5,44.0,-145.0,10.0,7.5,52.0,8.0,31,21,1
2018-09-23,NY Giants,Houston,3,Away,6.5,44.0,230.0,5.0,11.5,49.0,5.0,27,22,1
2018-09-23,Houston,NY Giants,3,Home,-6.5,44.0,-259.0,-5.0,-11.5,49.0,5.0,22,27,0
2018-09-23,Tennessee,Jacksonville,3,Away,10.0,39.0,393.0,3.0,13.0,15.0,-24.0,9,6,1
2018-09-23,Jacksonville,Tennessee,3,Home,-10.0,39.0,-483.0,-3.0,-13.0,15.0,-24.0,6,9,0
2018-09-23,Denver,Baltimore,3,Away,5.5,46.0,199.0,-13.0,-7.5,41.0,-5.0,14,27,0
2018-09-23,Baltimore,Denver,3,Home,-5.5,46.0,-240.0,13.0,7.5,41.0,-5.0,27,14,1
2018-09-23,New Orleans,Atlanta,3,Away,1.5,53.5,112.0,6.0,7.5,80.0,26.5,43,37,1
2018-09-23,Atlanta,New Orleans,3,Home,-1.5,53.5,-124.0,-6.0,-7.5,80.0,26.5,37,43,0
2018-09-23,San Francisco,Kansas City,3,Away,6.0,53.5,215.0,-11.0,-5.0,65.0,11.5,27,38,0
2018-09-23,Kansas City,San Francisco,3,Home,-6.0,53.5,-255.0,11.0,5.0,65.0,11.5,38,27,1
2018-09-23,Green Bay,Washington,3,Away,-2.5,45.5,-135.0,-14.0,-16.5,48.0,2.5,17,31,0
2018-09-23,Washington,Green Bay,3,Home,2.5,45.5,115.0,14.0,16.5,48.0,2.5,31,17,1
2018-09-23,Indianapolis,Philadelphia,3,Away,6.5,45.0,243.0,-4.0,2.5,36.0,-9.0,16,20,0
2018-09-23,Philadelphia,Indianapolis,3,Home,-6.5,45.0,-274.0,4.0,-2.5,36.0,-9.0,20,16,1
2018-09-23,Oakland,Miami,3,Away,3.0,46.0,125.0,-8.0,-5.0,48.0,2.0,20,28,0
2018-09-23,Miami,Oakland,3,Home,-3.0,46.0,-145.0,8.0,5.0,48.0,2.0,28,20,1
2018-09-23,Buffalo,Minnesota,3,Away,16.5,41.0,975.0,21.0,37.5,33.0,-8.0,27,6,1
2018-09-23,Minnesota,Buffalo,3,Home,-16.5,41.0,-1500.0,-21.0,-37.5,33.0,-8.0,6,27,0
2018-09-23,LA Chargers,LA Rams,3,Away,7.0,49.0,260.0,-12.0,-5.0,58.0,9.0,23,35,0
2018-09-23,LA Rams,LA Chargers,3,Home,-7.0,49.0,-310.0,12.0,5.0,58.0,9.0,35,23,1
2018-09-23,Chicago,Arizona,3,Away,-5.5,39.0,-240.0,2.0,-3.5,30.0,-9.0,16,14,1
2018-09-23,Arizona,Chicago,3,Home,5.5,39.0,200.0,-2.0,3.5,30.0,-9.0,14,16,0
2018-09-23,Dallas,Seattle,3,Away,1.0,40.0,102.0,-11.0,-10.0,37.0,-3.0,13,24,0
2018-09-23,Seattle,Dallas,3,Home,-1.0,40.0,-113.0,11.0,10.0,37.0,-3.0,24,13,1
2018-09-23,New England,Detroit,3,Away,-7.0,55.0,-308.0,-16.0,-23.0,36.0,-19.0,10,26,0
2018-09-23,Detroit,New England,3,Home,7.0,55.0,271.0,16.0,23.0,36.0,-19.0,26,10,1
2018-09-24,Pittsburgh,Tampa Bay,3,Away,1.0,55.0,106.0,3.0,4.0,57.0,2.0,30,27,1
2018-09-24,Tampa Bay,Pittsburgh,3,Home,-1.0,55.0,-117.0,-3.0,-4.0,57.0,2.0,27,30,0
2018-09-27,Minnesota,LA Rams,4,Away,7.0,49.0,280.0,-7.0,0.0,69.0,20.0,31,38,0
2018-09-27,LA Rams,Minnesota,4,Home,-7.0,49.0,-319.0,7.0,0.0,69.0,20.0,38,31,1
2018-09-30,Detroit,Dallas,4,Away,2.5,44.0,115.0,-2.0,0.5,50.0,6.0,24,26,0
2018-09-30,Dallas,Detroit,4,Home,-2.5,44.0,-135.0,2.0,-0.5,50.0,6.0,26,24,1
2018-09-30,Buffalo,Green Bay,4,Away,9.0,43.5,298.0,-22.0,-13.0,22.0,-21.5,0,22,0
2018-09-30,Green Bay,Buffalo,4,Home,-9.0,43.5,-368.0,22.0,13.0,22.0,-21.5,22,0,1
2018-09-30,Houston,Indianapolis,4,Away,-1.0,48.5,-113.0,3.0,2.0,71.0,22.5,37,34,1
2018-09-30,Indianapolis,Houston,4,Home,1.0,48.5,102.0,-3.0,-2.0,71.0,22.5,34,37,0
2018-09-30,Tampa Bay,Chicago,4,Away,3.0,46.0,131.0,-38.0,-35.0,58.0,12.0,10,48,0
2018-09-30,Chicago,Tampa Bay,4,Home,-3.0,46.0,-144.0,38.0,35.0,58.0,12.0,48,10,1
2018-09-30,Cincinnati,Atlanta,4,Away,3.5,52.5,161.0,1.0,4.5,73.0,20.5,37,36,1
2018-09-30,Atlanta,Cincinnati,4,Home,-3.5,52.5,-187.0,-1.0,-4.5,73.0,20.5,36,37,0
2018-09-30,NY Jets,Jacksonville,4,Away,7.5,40.0,293.0,-19.0,-11.5,43.0,3.0,12,31,0
2018-09-30,Jacksonville,NY Jets,4,Home,-7.5,40.0,-335.0,19.0,11.5,43.0,3.0,31,12,1
2018-09-30,Philadelphia,Tennessee,4,Away,-3.0,41.0,-151.0,-3.0,-6.0,49.0,8.0,23,26,0
2018-09-30,Tennessee,Philadelphia,4,Home,3.0,41.0,131.0,3.0,6.0,49.0,8.0,26,23,1
2018-09-30,Miami,New England,4,Away,6.5,50.5,249.0,-31.0,-24.5,45.0,-5.5,7,38,0
2018-09-30,New England,Miami,4,Home,-6.5,50.5,-281.0,31.0,24.5,45.0,-5.5,38,7,1
2018-09-30,Seattle,Arizona,4,Away,-3.5,40.0,-188.0,3.0,-0.5,37.0,-3.0,20,17,1
2018-09-30,Arizona,Seattle,4,Home,3.5,40.0,169.0,-3.0,0.5,37.0,-3.0,17,20,0
2018-09-30,Cleveland,Oakland,4,Away,2.5,44.5,120.0,-3.0,-0.5,87.0,42.5,42,45,0
2018-09-30,Oakland,Cleveland,4,Home,-2.5,44.5,-140.0,3.0,0.5,87.0,42.5,45,42,1
2018-09-30,New Orleans,NY Giants,4,Away,-3.5,51.5,-169.0,15.0,11.5,51.0,-0.5,33,18,1
2018-09-30,NY Giants,New Orleans,4,Home,3.5,51.5,149.0,-15.0,-11.5,51.0,-0.5,18,33,0
2018-09-30,San Francisco,LA Chargers,4,Away,10.0,46.5,368.0,-2.0,8.0,56.0,9.5,27,29,0
2018-09-30,LA Chargers,San Francisco,4,Home,-10.0,46.5,-428.0,2.0,-8.0,56.0,9.5,29,27,1
2018-09-30,Baltimore,Pittsburgh,4,Away,3.0,51.0,148.0,12.0,15.0,40.0,-11.0,26,14,1
2018-09-30,Pittsburgh,Baltimore,4,Home,-3.0,51.0,-168.0,-12.0,-15.0,40.0,-11.0,14,26,0
2018-10-01,Kansas City,Denver,4,Away,-3.5,53.5,-182.0,4.0,0.5,50.0,-3.5,27,23,1
2018-10-01,Denver,Kansas City,4,Home,3.5,53.5,164.0,-4.0,-0.5,50.0,-3.5,23,27,0
2018-10-04,Indianapolis,New England,5,Away,10.5,49.5,470.0,-14.0,-3.5,62.0,12.5,24,38,0
2018-10-04,New England,Indianapolis,5,Home,-10.5,49.5,-620.0,14.0,3.5,62.0,12.5,38,24,1
2018-10-07,Miami,Cincinnati,5,Away,6.0,47.5,225.0,-10.0,-4.0,44.0,-3.5,17,27,0
2018-10-07,Cincinnati,Miami,5,Home,-6.0,47.5,-265.0,10.0,4.0,44.0,-3.5,27,17,1
2018-10-07,Baltimore,Cleveland,5,Away,-3.0,44.5,-175.0,-3.0,-6.0,21.0,-23.5,9,12,0
2018-10-07,Cleveland,Baltimore,5,Home,3.0,44.5,155.0,3.0,6.0,21.0,-23.5,12,9,1
2018-10-07,NY Giants,Carolina,5,Away,6.5,43.5,250.0,-2.0,4.5,64.0,20.5,31,33,0
2018-10-07,Carolina,NY Giants,5,Home,-6.5,43.5,-290.0,2.0,-4.5,64.0,20.5,33,31,1
2018-10-07,Tennessee,Buffalo,5,Away,-6.0,38.0,-284.0,-1.0,-7.0,25.0,-13.0,12,13,0
2018-10-07,Buffalo,Tennessee,5,Home,6.0,38.0,244.0,1.0,7.0,25.0,-13.0,13,12,1
2018-10-07,Green Bay,Detroit,5,Away,1.0,50.0,105.0,-8.0,-7.0,54.0,4.0,23,31,0
2018-10-07,Detroit,Green Bay,5,Home,-1.0,50.0,-125.0,8.0,7.0,54.0,4.0,31,23,1
2018-10-07,Atlanta,Pittsburgh,5,Away,3.5,57.0,160.0,-24.0,-20.5,58.0,1.0,17,41,0
2018-10-07,Pittsburgh,Atlanta,5,Home,-3.5,57.0,-180.0,24.0,20.5,58.0,1.0,41,17,1
2018-10-07,Denver,NY Jets,5,Away,0.0,42.0,-115.0,-18.0,-18.0,50.0,8.0,16,34,0
2018-10-07,NY Jets,Denver,5,Home,0.0,42.0,-105.0,18.0,18.0,50.0,8.0,34,16,1
2018-10-07,Jacksonville,Kansas City,5,Away,3.0,48.0,135.0,-16.0,-13.0,44.0,-4.0,14,30,0
2018-10-07,Kansas City,Jacksonville,5,Home,-3.0,48.0,-160.0,16.0,13.0,44.0,-4.0,30,14,1
2018-10-07,Oakland,LA Chargers,5,Away,5.0,51.5,200.0,-16.0,-11.0,36.0,-15.5,10,26,0
2018-10-07,LA Chargers,Oakland,5,Home,-5.0,51.5,-240.0,16.0,11.0,36.0,-15.5,26,10,1
2018-10-07,Arizona,San Francisco,5,Away,3.0,40.5,140.0,10.0,13.0,46.0,5.5,28,18,1
2018-10-07,San Francisco,Arizona,5,Home,-3.0,40.5,-160.0,-10.0,-13.0,46.0,5.5,18,28,0
2018-10-07,Minnesota,Philadelphia,5,Away,3.5,48.5,160.0,2.0,5.5,44.0,-4.5,23,21,1
2018-10-07,Philadelphia,Minnesota,5,Home,-3.5,48.5,-185.0,-2.0,-5.5,44.0,-4.5,21,23,0
2018-10-07,LA Rams,Seattle,5,Away,-7.5,50.5,-350.0,2.0,-5.5,64.0,13.5,33,31,1
2018-10-07,Seattle,LA Rams,5,Home,7.5,50.5,281.0,-2.0,5.5,64.0,13.5,31,33,0
2018-10-07,Dallas,Houston,5,Away,3.5,45.5,155.0,-3.0,0.5,35.0,-10.5,16,19,0
2018-10-07,Houston,Dallas,5,Home,-3.5,45.5,-175.0,3.0,-0.5,35.0,-10.5,19,16,1
2018-10-08,Washington,New Orleans,5,Away,5.5,51.5,218.0,-24.0,-18.5,62.0,10.5,19,43,0
2018-10-08,New Orleans,Washington,5,Home,-5.5,51.5,-265.0,24.0,18.5,62.0,10.5,43,19,1
2018-10-11,Philadelphia,NY Giants,6,Away,-1.5,45.5,-133.0,21.0,19.5,47.0,1.5,34,13,1
2018-10-11,NY Giants,Philadelphia,6,Home,1.5,45.5,113.0,-21.0,-19.5,47.0,1.5,13,34,0
2018-10-14,LA Chargers,Cleveland,6,Away,0.0,47.0,-105.0,24.0,24.0,52.0,5.0,38,14,1
2018-10-14,Cleveland,LA Chargers,6,Home,0.0,47.0,-115.0,-24.0,-24.0,52.0,5.0,14,38,0
2018-10-14,Buffalo,Houston,6,Away,10.0,40.0,390.0,-7.0,3.0,33.0,-7.0,13,20,0
2018-10-14,Houston,Buffalo,6,Home,-10.0,40.0,-465.0,7.0,-3.0,33.0,-7.0,20,13,1
2018-10-14,Pittsburgh,Cincinnati,6,Away,1.5,49.5,106.0,7.0,8.5,49.0,-0.5,28,21,1
2018-10-14,Cincinnati,Pittsburgh,6,Home,-1.5,49.5,-117.0,-7.0,-8.5,49.0,-0.5,21,28,0
2018-10-14,Tampa Bay,Atlanta,6,Away,3.0,57.0,140.0,-5.0,-2.0,63.0,6.0,29,34,0
2018-10-14,Atlanta,Tampa Bay,6,Home,-3.0,57.0,-165.0,5.0,2.0,63.0,6.0,34,29,1
2018-10-14,Chicago,Miami,6,Away,-7.0,41.0,-335.0,-3.0,-10.0,59.0,18.0,28,31,0
2018-10-14,Miami,Chicago,6,Home,7.0,41.0,275.0,3.0,10.0,59.0,18.0,31,28,1
2018-10-14,Carolina,Washington,6,Away,-1.0,44.5,-117.0,-6.0,-7.0,40.0,-4.5,17,23,0
2018-10-14,Washington,Carolina,6,Home,1.0,44.5,106.0,6.0,7.0,40.0,-4.5,23,17,1
2018-10-14,Seattle,Oakland,6,Neutral,-3.0,48.0,-155.0,24.0,21.0,30.0,-18.0,27,3,1
2018-10-14,Oakland,Seattle,6,Neutral,3.0,48.0,135.0,-24.0,-21.0,30.0,-18.0,3,27,0
2018-10-14,Arizona,Minnesota,6,Away,10.0,43.5,367.0,-10.0,0.0,44.0,0.5,17,27,0
2018-10-14,Minnesota,Arizona,6,Home,-10.0,43.5,-475.0,10.0,0.0,44.0,0.5,27,17,1
2018-10-14,Indianapolis,NY Jets,6,Away,2.5,47.5,125.0,-8.0,-5.5,76.0,28.5,34,42,0
2018-10-14,NY Jets,Indianapolis,6,Home,-2.5,47.5,-145.0,8.0,5.5,76.0,28.5,42,34,1
2018-10-14,LA Rams,Denver,6,Away,-7.0,50.0,-308.0,3.0,-4.0,43.0,-7.0,23,20,1
2018-10-14,Denver,LA Rams,6,Home,7.0,50.0,271.0,-3.0,4.0,43.0,-7.0,20,23,0
2018-10-14,Jacksonville,Dallas,6,Away,-3.0,39.5,-175.0,-33.0,-36.0,47.0,7.5,7,40,0
2018-10-14,Dallas,Jacksonville,6,Home,3.0,39.5,155.0,33.0,36.0,47.0,7.5,40,7,1
2018-10-14,Baltimore,Tennessee,6,Away,-2.5,43.5,-140.0,21.0,18.5,21.0,-22.5,21,0,1
2018-10-14,Tennessee,Baltimore,6,Home,2.5,43.5,120.0,-21.0,-18.5,21.0,-22.5,0,21,0
2018-10-14,Kansas City,New England,6,Away,3.5,59.5,170.0,-3.0,0.5,83.0,23.5,40,43,0
2018-10-14,New England,Kansas City,6,Home,-3.5,59.5,-200.0,3.0,-0.5,83.0,23.5,43,40,1
2018-10-15,San Francisco,Green Bay,6,Away,9.0,46.5,361.0,-3.0,6.0,63.0,16.5,30,33,0
2018-10-15,Green Bay,San Francisco,6,Home,-9.0,46.5,-420.0,3.0,-6.0,63.0,16.5,33,30,1
2018-10-18,Denver,Arizona,7,Away,-1.0,42.0,-115.0,35.0,34.0,55.0,13.0,45,10,1
2018-10-18,Arizona,Denver,7,Home,1.0,42.0,-105.0,-35.0,-34.0,55.0,13.0,10,45,0
2018-10-21,Tennessee,LA Chargers,7,Neutral,6.5,46.0,252.0,-1.0,5.5,39.0,-7.0,19,20,0
2018-10-21,LA Chargers,Tennessee,7,Neutral,-6.5,46.0,-310.0,1.0,-5.5,39.0,-7.0,20,19,1
2018-10-21,Houston,Jacksonville,7,Away,3.5,43.0,165.0,13.0,16.5,27.0,-16.0,20,7,1
2018-10-21,Jacksonville,Houston,7,Home,-3.5,43.0,-190.0,-13.0,-16.5,27.0,-16.0,7,20,0
2018-10-21,Cleveland,Tampa Bay,7,Away,3.5,52.5,166.0,-3.0,0.5,49.0,-3.5,23,26,0
2018-10-21,Tampa Bay,Cleveland,7,Home,-3.5,52.5,-186.0,3.0,-0.5,49.0,-3.5,26,23,1
2018-10-21,Carolina,Philadelphia,7,Away,5.0,45.0,205.0,4.0,9.0,38.0,-7.0,21,17,1
2018-10-21,Philadelphia,Carolina,7,Home,-5.0,45.0,-245.0,-4.0,-9.0,38.0,-7.0,17,21,0
2018-10-21,Minnesota,NY Jets,7,Away,-3.5,44.5,-190.0,20.0,16.5,54.0,9.5,37,17,1
2018-10-21,NY Jets,Minnesota,7,Home,3.5,44.5,165.0,-20.0,-16.5,54.0,9.5,17,37,0
2018-10-21,New England,Chicago,7,Away,-1.0,49.0,-124.0,7.0,6.0,69.0,20.0,38,31,1
2018-10-21,Chicago,New England,7,Home,1.0,49.0,104.0,-7.0,-6.0,69.0,20.0,31,38,0
2018-10-21,Buffalo,Indianapolis,7,Away,7.0,43.5,255.0,-32.0,-25.0,42.0,-1.5,5,37,0
2018-10-21,Indianapolis,Buffalo,7,Home,-7.0,43.5,-305.0,32.0,25.0,42.0,-1.5,37,5,1
2018-10-21,Cincinnati,Kansas City,7,Away,6.5,56.0,245.0,-35.0,-28.5,55.0,-1.0,10,45,0
2018-10-21,Kansas City,Cincinnati,7,Home,-6.5,56.0,-290.0,35.0,28.5,55.0,-1.0,45,10,1
2018-10-21,Detroit,Miami,7,Away,-3.0,47.0,-169.0,11.0,8.0,53.0,6.0,32,21,1
2018-10-21,Miami,Detroit,7,Home,3.0,47.0,149.0,-11.0,-8.0,53.0,6.0,21,32,0
2018-10-21,New Orleans,Baltimore,7,Away,2.5,49.0,125.0,1.0,3.5,47.0,-2.0,24,23,1
2018-10-21,Baltimore,New Orleans,7,Home,-2.5,49.0,-145.0,-1.0,-3.5,47.0,-2.0,23,24,0
2018-10-21,Dallas,Washington,7,Away,-2.0,40.5,-125.0,-3.0,-5.0,37.0,-3.5,17,20,0
2018-10-21,Washington,Dallas,7,Home,2.0,40.5,114.0,3.0,5.0,37.0,-3.5,20,17,1
2018-10-21,LA Rams,San Francisco,7,Away,-9.0,52.0,-425.0,29.0,20.0,49.0,-3.0,39,10,1
2018-10-21,San Francisco,LA Rams,7,Home,9.0,52.0,345.0,-29.0,-20.0,49.0,-3.0,10,39,0
2018-10-22,NY Giants,Atlanta,7,Away,4.0,52.0,194.0,-3.0,1.0,43.0,-9.0,20,23,0
2018-10-22,Atlanta,NY Giants,7,Home,-4.0,52.0,-217.0,3.0,-1.0,43.0,-9.0,23,20,1
2018-10-25,Miami,Houston,8,Away,7.5,45.0,295.0,-19.0,-11.5,65.0,20.0,23,42,0
2018-10-25,Houston,Miami,8,Home,-7.5,45.0,-365.0,19.0,11.5,65.0,20.0,42,23,1
2018-10-28,Philadelphia,Jacksonville,8,Neutral,-4.0,44.5,-204.0,6.0,2.0,42.0,-2.5,24,18,1
2018-10-28,Jacksonville,Philadelphia,8,Neutral,4.0,44.5,183.0,-6.0,-2.0,42.0,-2.5,18,24,0
2018-10-28,Denver,Kansas City,8,Away,8.5,53.5,345.0,-7.0,1.5,53.0,-0.5,23,30,0
2018-10-28,Kansas City,Denver,8,Home,-8.5,53.5,-425.0,7.0,-1.5,53.0,-0.5,30,23,1
2018-10-28,Cleveland,Pittsburgh,8,Away,8.5,47.5,346.0,-15.0,-6.5,51.0,3.5,18,33,0
2018-10-28,Pittsburgh,Cleveland,8,Home,-8.5,47.5,-400.0,15.0,6.5,51.0,3.5,33,18,1
2018-10-28,Washington,NY Giants,8,Away,-1.0,44.0,-124.0,7.0,6.0,33.0,-11.0,20,13,1
2018-10-28,NY Giants,Washington,8,Home,1.0,44.0,104.0,-7.0,-6.0,33.0,-11.0,13,20,0
2018-10-28,Seattle,Detroit,8,Away,3.0,48.0,148.0,14.0,17.0,42.0,-6.0,28,14,1
2018-10-28,Detroit,Seattle,8,Home,-3.0,48.0,-170.0,-14.0,-17.0,42.0,-6.0,14,28,0
2018-10-28,Tampa Bay,Cincinnati,8,Away,3.5,55.0,160.0,-3.0,0.5,71.0,16.0,34,37,0
2018-10-28,Cincinnati,Tampa Bay,8,Home,-3.5,55.0,-185.0,3.0,-0.5,71.0,16.0,37,34,1
2018-10-28,NY Jets,Chicago,8,Away,8.5,42.5,317.0,-14.0,-5.5,34.0,-8.5,10,24,0
2018-10-28,Chicago,NY Jets,8,Home,-8.5,42.5,-400.0,14.0,5.5,34.0,-8.5,24,10,1
2018-10-28,Baltimore,Carolina,8,Away,-2.5,44.5,-145.0,-15.0,-17.5,57.0,12.5,21,36,0
2018-10-28,Carolina,Baltimore,8,Home,2.5,44.5,125.0,15.0,17.5,57.0,12.5,36,21,1
2018-10-28,Indianapolis,Oakland,8,Away,-3.5,51.0,-192.0,14.0,10.5,70.0,19.0,42,28,1
2018-10-28,Oakland,Indianapolis,8,Home,3.5,51.0,172.0,-14.0,-10.5,70.0,19.0,28,42,0
2018-10-28,San Francisco,Arizona,8,Away,-3.0,40.0,-155.0,-3.0,-6.0,33.0,-7.0,15,18,0
2018-10-28,Arizona,San Francisco,8,Home,3.0,40.0,135.0,3.0,6.0,33.0,-7.0,18,15,1
2018-10-28,Green Bay,LA Rams,8,Away,7.5,57.0,281.0,-2.0,5.5,56.0,-1.0,27,29,0
2018-10-28,LA Rams,Green Bay,8,Home,-7.5,57.0,-350.0,2.0,-5.5,56.0,-1.0,29,27,1
2018-10-28,New Orleans,Minnesota,8,Away,-2.5,54.0,-140.0,10.0,7.5,50.0,-4.0,30,20,1
2018-10-28,Minnesota,New Orleans,8,Home,2.5,54.0,120.0,-10.0,-7.5,50.0,-4.0,20,30,0
2018-10-29,New England,Buffalo,8,Away,-13.5,44.0,-1018.0,19.0,5.5,31.0,-13.0,25,6,1
2018-10-29,Buffalo,New England,8,Home,13.5,44.0,744.0,-19.0,-5.5,31.0,-13.0,6,25,0
2018-11-01,Oakland,San Francisco,9,Away,-2.0,44.0,-130.0,-31.0,-33.0,37.0,-7.0,3,34,0
2018-11-01,San Francisco,Oakland,9,Home,2.0,44.0,110.0,31.0,33.0,37.0,-7.0,34,3,1
2018-11-04,Pittsburgh,Baltimore,9,Away,1.0,47.0,105.0,7.0,8.0,39.0,-8.0,23,16,1
2018-11-04,Baltimore,Pittsburgh,9,Home,-1.0,47.0,-125.0,-7.0,-8.0,39.0,-8.0,16,23,0
2018-11-04,Chicago,Buffalo,9,Away,-10.0,38.0,-505.0,32.0,22.0,50.0,12.0,41,9,1
2018-11-04,Buffalo,Chicago,9,Home,10.0,38.0,405.0,-32.0,-22.0,50.0,12.0,9,41,0
2018-11-04,Tampa Bay,Carolina,9,Away,6.0,55.5,255.0,-14.0,-8.0,70.0,14.5,28,42,0
2018-11-04,Carolina,Tampa Bay,9,Home,-6.0,55.5,-288.0,14.0,8.0,70.0,14.5,42,28,1
2018-11-04,Kansas City,Cleveland,9,Away,-7.5,51.5,-425.0,16.0,8.5,58.0,6.5,37,21,1
2018-11-04,Cleveland,Kansas City,9,Home,7.5,51.5,334.0,-16.0,-8.5,58.0,6.5,21,37,0
2018-11-04,NY Jets,Miami,9,Away,3.0,43.0,138.0,-7.0,-4.0,19.0,-24.0,6,13,0
2018-11-04,Miami,NY Jets,9,Home,-3.0,43.0,-158.0,7.0,4.0,19.0,-24.0,13,6,1
2018-11-04,Detroit,Minnesota,9,Away,4.5,47.0,193.0,-15.0,-10.5,33.0,-14.0,9,24,0
2018-11-04,Minnesota,Detroit,9,Home,-4.5,47.0,-233.0,15.0,10.5,33.0,-14.0,24,9,1
2018-11-04,Atlanta,Washington,9,Away,1.5,46.5,106.0,24.0,25.5,52.0,5.5,38,14,1
2018-11-04,Washington,Atlanta,9,Home,-1.5,46.5,-126.0,-24.0,-25.5,52.0,5.5,14,38,0
2018-11-04,Houston,Denver,9,Away,1.0,46.5,100.0,2.0,3.0,36.0,-10.5,19,17,1
2018-11-04,Denver,Houston,9,Home,-1.0,46.5,-120.0,-2.0,-3.0,36.0,-10.5,17,19,0
2018-11-04,LA Chargers,Seattle,9,Away,0.0,48.5,-104.0,8.0,8.0,42.0,-6.5,25,17,1
2018-11-04,Seattle,LA Chargers,9,Home,0.0,48.5,-106.0,-8.0,-8.0,42.0,-6.5,17,25,0
2018-11-04,LA Rams,New Orleans,9,Away,-2.0,57.0,-132.0,-10.0,-12.0,80.0,23.0,35,45,0
2018-11-04,New Orleans,LA Rams,9,Home,2.0,57.0,112.0,10.0,12.0,80.0,23.0,45,35,1
2018-11-04,Green Bay,New England,9,Away,5.0,56.0,180.0,-14.0,-9.0,48.0,-8.0,17,31,0
2018-11-04,New England,Green Bay,9,Home,-5.0,56.0,-220.0,14.0,9.0,48.0,-8.0,31,17,1
2018-11-05,Tennessee,Dallas,9,Away,4.5,40.0,199.0,14.0,18.5,42.0,2.0,28,14,1
2018-11-05,Dallas,Tennessee,9,Home,-4.5,40.0,-222.0,-14.0,-18.5,42.0,2.0,14,28,0
2018-11-08,Carolina,Pittsburgh,10,Away,3.5,51.0,169.0,-31.0,-27.5,73.0,22.0,21,52,0
2018-11-08,Pittsburgh,Carolina,10,Home,-3.5,51.0,-188.0,31.0,27.5,73.0,22.0,52,21,1
2018-11-11,Atlanta,Cleveland,10,Away,-5.5,49.5,-252.0,-12.0,-17.5,44.0,-5.5,16,28,0
2018-11-11,Cleveland,Atlanta,10,Home,5.5,49.5,212.0,12.0,17.5,44.0,-5.5,28,16,1
2018-11-11,New Orleans,Cincinnati,10,Away,-6.0,53.5,-270.0,37.0,31.0,65.0,11.5,51,14,1
2018-11-11,Cincinnati,New Orleans,10,Home,6.0,53.5,230.0,-37.0,-31.0,65.0,11.5,14,51,0
2018-11-11,Detroit,Chicago,10,Away,7.5,44.5,280.0,-12.0,-4.5,56.0,11.5,22,34,0
2018-11-11,Chicago,Detroit,10,Home,-7.5,44.5,-340.0,12.0,4.5,56.0,11.5,34,22,1
2018-11-11,Miami,Green Bay,10,Away,12.5,48.5,535.0,-19.0,-6.5,43.0,-5.5,12,31,0
2018-11-11,Green Bay,Miami,10,Home,-12.5,48.5,-767.0,19.0,6.5,43.0,-5.5,31,12,1
2018-11-11,New England,Tennessee,10,Away,-6.5,46.5,-290.0,-24.0,-30.5,44.0,-2.5,10,34,0
2018-11-11,Tennessee,New England,10,Home,6.5,46.5,237.0,24.0,30.5,44.0,-2.5,34,10,1
2018-11-11,Washington,Tampa Bay,10,Away,3.5,51.0,161.0,13.0,16.5,19.0,-32.0,16,3,1
2018-11-11,Tampa Bay,Washington,10,Home,-3.5,51.0,-181.0,-13.0,-16.5,19.0,-32.0,3,16,0
2018-11-11,Buffalo,NY Jets,10,Away,7.0,37.5,252.0,31.0,38.0,51.0,13.5,41,10,1
2018-11-11,NY Jets,Buffalo,10,Home,-7.0,37.5,-310.0,-31.0,-38.0,51.0,13.5,10,41,0
2018-11-11,Arizona,Kansas City,10,Away,16.5,49.5,980.0,-12.0,4.5,40.0,-9.5,14,26,0
2018-11-11,Kansas City,Arizona,10,Home,-16.5,49.5,-1800.0,12.0,-4.5,40.0,-9.5,26,14,1
2018-11-11,Jacksonville,Indianapolis,10,Away,3.0,48.0,140.0,-3.0,0.0,55.0,7.0,26,29,0
2018-11-11,Indianapolis,Jacksonville,10,Home,-3.0,48.0,-160.0,3.0,0.0,55.0,7.0,29,26,1
2018-11-11,LA Chargers,Oakland,10,Away,-10.0,50.5,-518.0,14.0,4.0,26.0,-24.5,20,6,1
2018-11-11,Oakland,LA Chargers,10,Home,10.0,50.5,418.0,-14.0,-4.0,26.0,-24.5,6,20,0
2018-11-11,Seattle,LA Rams,10,Away,9.5,51.0,375.0,-5.0,4.5,67.0,16.0,31,36,0
2018-11-11,LA Rams,Seattle,10,Home,-9.5,51.0,-450.0,5.0,-4.5,67.0,16.0,36,31,1
2018-11-11,Dallas,Philadelphia,10,Away,7.5,45.5,305.0,7.0,14.5,47.0,1.5,27,20,1
2018-11-11,Philadelphia,Dallas,10,Home,-7.5,45.5,-350.0,-7.0,-14.5,47.0,1.5,20,27,0
2018-11-12,NY Giants,San Francisco,10,Away,3.0,45.0,150.0,4.0,7.0,50.0,5.0,27,23,1
2018-11-12,San Francisco,NY Giants,10,Home,-3.0,45.0,-170.0,-4.0,-7.0,50.0,5.0,23,27,0
2018-11-15,Green Bay,Seattle,11,Away,3.0,49.0,140.0,-3.0,0.0,51.0,2.0,24,27,0
2018-11-15,Seattle,Green Bay,11,Home,-3.0,49.0,-160.0,3.0,0.0,51.0,2.0,27,24,1
2018-11-18,Minnesota,Chicago,11,Away,2.5,44.0,120.0,-5.0,-2.5,45.0,1.0,20,25,0
2018-11-18,Chicago,Minnesota,11,Home,-2.5,44.0,-140.0,5.0,2.5,45.0,1.0,25,20,1
2018-11-18,Cincinnati,Baltimore,11,Away,6.5,44.0,226.0,-3.0,3.5,45.0,1.0,21,24,0
2018-11-18,Baltimore,Cincinnati,11,Home,-6.5,44.0,-275.0,3.0,-3.5,45.0,1.0,24,21,1
2018-11-18,Dallas,Atlanta,11,Away,3.5,49.5,165.0,3.0,6.5,41.0,-8.5,22,19,1
2018-11-18,Atlanta,Dallas,11,Home,-3.5,49.5,-195.0,-3.0,-6.5,41.0,-8.5,19,22,0
2018-11-18,Carolina,Detroit,11,Away,-4.0,48.0,-215.0,-1.0,-5.0,39.0,-9.0,19,20,0
2018-11-18,Detroit,Carolina,11,Home,4.0,48.0,180.0,1.0,5.0,39.0,-9.0,20,19,1
2018-11-18,Philadelphia,New Orleans,11,Away,7.0,56.5,278.0,-41.0,-34.0,55.0,-1.5,7,48,0
2018-11-18,New Orleans,Philadelphia,11,Home,-7.0,56.5,-338.0,41.0,34.0,55.0,-1.5,48,7,1
2018-11-18,Houston,Washington,11,Away,-3.0,40.5,-170.0,2.0,-1.0,44.0,3.5,23,21,1
2018-11-18,Washington,Houston,11,Home,3.0,40.5,148.0,-2.0,1.0,44.0,3.5,21,23,0
2018-11-18,Tampa Bay,NY Giants,11,Away,3.0,53.5,147.0,-3.0,0.0,73.0,19.5,35,38,0
2018-11-18,NY Giants,Tampa Bay,11,Home,-3.0,53.5,-167.0,3.0,0.0,73.0,19.5,38,35,1
2018-11-18,Tennessee,Indianapolis,11,Away,1.0,50.0,103.0,-28.0,-27.0,48.0,-2.0,10,38,0
2018-11-18,Indianapolis,Tennessee,11,Home,-1.0,50.0,-123.0,28.0,27.0,48.0,-2.0,38,10,1
2018-11-18,Oakland,Arizona,11,Away,4.5,41.0,180.0,2.0,6.5,44.0,3.0,23,21,1
2018-11-18,Arizona,Oakland,11,Home,-4.5,41.0,-220.0,-2.0,-6.5,44.0,3.0,21,23,0
2018-11-18,Denver,LA Chargers,11,Away,7.5,47.0,287.0,1.0,8.5,45.0,-2.0,23,22,1
2018-11-18,LA Chargers,Denver,11,Home,-7.5,47.0,-328.0,-1.0,-8.5,45.0,-2.0,22,23,0
2018-11-18,Pittsburgh,Jacksonville,11,Away,-4.0,47.0,-208.0,4.0,0.0,36.0,-11.0,20,16,1
2018-11-18,Jacksonville,Pittsburgh,11,Home,4.0,47.0,178.0,-4.0,0.0,36.0,-11.0,16,20,0
2018-11-19,Kansas City,LA Rams,11,Away,3.0,63.5,153.0,-3.0,0.0,105.0,41.5,51,54,0
2018-11-19,LA Rams,Kansas City,11,Home,-3.0,63.5,-170.0,3.0,0.0,105.0,41.5,54,51,1
2018-11-22,Chicago,Detroit,12,Away,-3.0,43.0,-170.0,7.0,4.0,39.0,-4.0,23,16,1
2018-11-22,Detroit,Chicago,12,Home,3.0,43.0,150.0,-7.0,-4.0,39.0,-4.0,16,23,0
2018-11-22,Washington,Dallas,12,Away,7.0,40.0,285.0,-8.0,-1.0,54.0,14.0,23,31,0
2018-11-22,Dallas,Washington,12,Home,-7.0,40.0,-345.0,8.0,1.0,54.0,14.0,31,23,1
2018-11-22,Atlanta,New Orleans,12,Away,13.0,61.0,496.0,-14.0,-1.0,48.0,-13.0,17,31,0
2018-11-22,New Orleans,Atlanta,12,Home,-13.0,61.0,-646.0,14.0,1.0,48.0,-13.0,31,17,1
2018-11-25,NY Giants,Philadelphia,12,Away,4.5,49.0,192.0,-3.0,1.5,47.0,-2.0,22,25,0
2018-11-25,Philadelphia,NY Giants,12,Home,-4.5,49.0,-214.0,3.0,-1.5,47.0,-2.0,25,22,1
2018-11-25,New England,NY Jets,12,Away,-13.0,46.5,-700.0,14.0,1.0,40.0,-6.5,27,13,1
2018-11-25,NY Jets,New England,12,Home,13.0,46.5,506.0,-14.0,-1.0,40.0,-6.5,13,27,0
2018-11-25,Miami,Indianapolis,12,Away,9.0,52.5,335.0,-3.0,6.0,51.0,-1.5,24,27,0
2018-11-25,Indianapolis,Miami,12,Home,-9.0,52.5,-415.0,3.0,-6.0,51.0,-1.5,27,24,1
2018-11-25,Cleveland,Cincinnati,12,Away,0.0,46.5,-105.0,15.0,15.0,55.0,8.5,35,20,1
2018-11-25,Cincinnati,Cleveland,12,Home,0.0,46.5,-115.0,-15.0,-15.0,55.0,8.5,20,35,0
2018-11-25,Seattle,Carolina,12,Away,3.0,46.0,145.0,3.0,6.0,57.0,11.0,30,27,1
2018-11-25,Carolina,Seattle,12,Home,-3.0,46.0,-165.0,-3.0,-6.0,57.0,11.0,27,30,0
2018-11-25,Jacksonville,Buffalo,12,Away,-3.0,36.5,-164.0,-3.0,-6.0,45.0,8.5,21,24,0
2018-11-25,Buffalo,Jacksonville,12,Home,3.0,36.5,144.0,3.0,6.0,45.0,8.5,24,21,1
2018-11-25,San Francisco,Tampa Bay,12,Away,1.5,54.5,111.0,-18.0,-16.5,36.0,-18.5,9,27,0
2018-11-25,Tampa Bay,San Francisco,12,Home,-1.5,54.5,-131.0,18.0,16.5,36.0,-18.5,27,9,1
2018-11-25,Oakland,Baltimore,12,Away,13.0,42.0,536.0,-17.0,-4.0,51.0,9.0,17,34,0
2018-11-25,Baltimore,Oakland,12,Home,-13.0,42.0,-710.0,17.0,4.0,51.0,9.0,34,17,1
2018-11-25,Arizona,LA Chargers,12,Away,14.0,43.0,650.0,-35.0,-21.0,55.0,12.0,10,45,0
2018-11-25,LA Chargers,Arizona,12,Home,-14.0,43.0,-900.0,35.0,21.0,55.0,12.0,45,10,1
2018-11-25,Pittsburgh,Denver,12,Away,-3.0,47.5,-170.0,-7.0,-10.0,41.0,-6.5,17,24,0
2018-11-25,Denver,Pittsburgh,12,Home,3.0,47.5,150.0,7.0,10.0,41.0,-6.5,24,17,1
2018-11-25,Green Bay,Minnesota,12,Away,3.5,48.5,168.0,-7.0,-3.5,41.0,-7.5,17,24,0
2018-11-25,Minnesota,Green Bay,12,Home,-3.5,48.5,-193.0,7.0,3.5,41.0,-7.5,24,17,1
2018-11-26,Tennessee,Houston,12,Away,3.5,42.5,171.0,-17.0,-13.5,51.0,8.5,17,34,0
2018-11-26,Houston,Tennessee,12,Home,-3.5,42.5,-190.0,17.0,13.5,51.0,8.5,34,17,1
2018-11-29,New Orleans,Dallas,13,Away,-7.5,51.5,-335.0,-3.0,-10.5,23.0,-28.5,10,13,0
2018-11-29,Dallas,New Orleans,13,Home,7.5,51.5,280.0,3.0,10.5,23.0,-28.5,13,10,1
2018-12-02,Baltimore,Atlanta,13,Away,2.5,47.0,131.0,10.0,12.5,42.0,-5.0,26,16,1
2018-12-02,Atlanta,Baltimore,13,Home,-2.5,47.0,-145.0,-10.0,-12.5,42.0,-5.0,16,26,0
2018-12-02,Denver,Cincinnati,13,Away,-3.5,45.0,-197.0,14.0,10.5,34.0,-11.0,24,10,1
2018-12-02,Cincinnati,Denver,13,Home,3.5,45.0,172.0,-14.0,-10.5,34.0,-11.0,10,24,0
2018-12-02,Carolina,Tampa Bay,13,Away,-3.5,52.0,-179.0,-7.0,-10.5,41.0,-11.0,17,24,0
2018-12-02,Tampa Bay,Carolina,13,Home,3.5,52.0,161.0,7.0,10.5,41.0,-11.0,24,17,1
2018-12-02,LA Chargers,Pittsburgh,13,Away,3.0,53.0,148.0,3.0,6.0,63.0,10.0,33,30,1
2018-12-02,Pittsburgh,LA Chargers,13,Home,-3.0,53.0,-168.0,-3.0,-6.0,63.0,10.0,30,33,0
2018-12-02,Chicago,NY Giants,13,Away,-3.5,44.0,-185.0,-3.0,-6.5,57.0,13.0,27,30,0
2018-12-02,NY Giants,Chicago,13,Home,3.5,44.0,166.0,3.0,6.5,57.0,13.0,30,27,1
2018-12-02,Buffalo,Miami,13,Away,3.5,40.0,162.0,-4.0,-0.5,38.0,-2.0,17,21,0
2018-12-02,Miami,Buffalo,13,Home,-3.5,40.0,-182.0,4.0,0.5,38.0,-2.0,21,17,1
2018-12-02,LA Rams,Detroit,13,Away,-10.5,54.0,-515.0,14.0,3.5,46.0,-8.0,30,16,1
2018-12-02,Detroit,LA Rams,13,Home,10.5,54.0,420.0,-14.0,-3.5,46.0,-8.0,16,30,0
2018-12-02,Arizona,Green Bay,13,Away,13.5,41.0,600.0,3.0,16.5,37.0,-4.0,20,17,1
2018-12-02,Green Bay,Arizona,13,Home,-13.5,41.0,-800.0,-3.0,-16.5,37.0,-4.0,17,20,0
2018-12-02,Cleveland,Houston,13,Away,5.0,47.5,202.0,-16.0,-11.0,42.0,-5.5,13,29,0
2018-12-02,Houston,Cleveland,13,Home,-5.0,47.5,-226.0,16.0,11.0,42.0,-5.5,29,13,1
2018-12-02,Indianapolis,Jacksonville,13,Away,-4.5,45.5,-202.0,-6.0,-10.5,6.0,-39.5,0,6,0
2018-12-02,Jacksonville,Indianapolis,13,Home,4.5,45.5,181.0,6.0,10.5,6.0,-39.5,6,0,1
2018-12-02,NY Jets,Tennessee,13,Away,10.0,40.5,370.0,-4.0,6.0,48.0,7.5,22,26,0
2018-12-02,Tennessee,NY Jets,13,Home,-10.0,40.5,-431.0,4.0,-6.0,48.0,7.5,26,22,1
2018-12-02,Kansas City,Oakland,13,Away,-14.0,53.5,-900.0,7.0,-7.0,73.0,19.5,40,33,1
2018-12-02,Oakland,Kansas City,13,Home,14.0,53.5,614.0,-7.0,7.0,73.0,19.5,33,40,0
2018-12-02,Minnesota,New England,13,Away,6.0,50.0,217.0,-14.0,-8.0,34.0,-16.0,10,24,0
2018-12-02,New England,Minnesota,13,Home,-6.0,50.0,-243.0,14.0,8.0,34.0,-16.0,24,10,1
2018-12-02,San Francisco,Seattle,13,Away,10.0,45.0,375.0,-27.0,-17.0,59.0,14.0,16,43,0
2018-12-02,Seattle,San Francisco,13,Home,-10.0,45.0,-450.0,27.0,17.0,59.0,14.0,43,16,1
2018-12-03,Washington,Philadelphia,13,Away,5.5,45.0,220.0,-15.0,-9.5,41.0,-4.0,13,28,0
2018-12-03,Philadelphia,Washington,13,Home,-5.5,45.0,-260.0,15.0,9.5,41.0,-4.0,28,13,1
2018-12-06,Jacksonville,Tennessee,14,Away,5.5,37.0,216.0,-21.0,-15.5,39.0,2.0,9,30,0
2018-12-06,Tennessee,Jacksonville,14,Home,-5.5,37.0,-242.0,21.0,15.5,39.0,2.0,30,9,1
2018-12-09,NY Jets,Buffalo,14,Away,4.5,37.0,186.0,4.0,8.5,50.0,13.0,27,23,1
2018-12-09,Buffalo,NY Jets,14,Home,-4.5,37.0,-208.0,-4.0,-8.5,50.0,13.0,23,27,0
2018-12-09,LA Rams,Chicago,14,Away,-3.0,51.0,-153.0,-9.0,-12.0,21.0,-30.0,6,15,0
2018-12-09,Chicago,LA Rams,14,Home,3.0,51.0,139.0,9.0,12.0,21.0,-30.0,15,6,1
2018-12-09,NY Giants,Washington,14,Away,-3.0,40.5,-155.0,24.0,21.0,56.0,15.5,40,16,1
2018-12-09,Washington,NY Giants,14,Home,3.0,40.5,140.0,-24.0,-21.0,56.0,15.5,16,40,0
2018-12-09,New Orleans,Tampa Bay,14,Away,-9.5,54.0,-450.0,14.0,4.5,42.0,-12.0,28,14,1
2018-12-09,Tampa Bay,New Orleans,14,Home,9.5,54.0,375.0,-14.0,-4.5,42.0,-12.0,14,28,0
2018-12-09,New England,Miami,14,Away,-9.0,49.5,-430.0,-1.0,-10.0,67.0,17.5,33,34,0
2018-12-09,Miami,New England,14,Home,9.0,49.5,350.0,1.0,10.0,67.0,17.5,34,33,1
2018-12-09,Baltimore,Kansas City,14,Away,6.5,48.5,243.0,-3.0,3.5,51.0,2.5,24,27,0
2018-12-09,Kansas City,Baltimore,14,Home,-6.5,48.5,-283.0,3.0,-3.5,51.0,2.5,27,24,1
2018-12-09,Indianapolis,Houston,14,Away,4.0,49.0,176.0,3.0,7.0,45.0,-4.0,24,21,1
2018-12-09,Houston,Indianapolis,14,Home,-4.0,49.0,-210.0,-3.0,-7.0,45.0,-4.0,21,24,0
2018-12-09,Carolina,Cleveland,14,Away,-1.0,48.0,-119.0,-6.0,-7.0,46.0,-2.0,20,26,0
2018-12-09,Cleveland,Carolina,14,Home,1.0,48.0,-101.0,6.0,7.0,46.0,-2.0,26,20,1
2018-12-09,Atlanta,Green Bay,14,Away,4.0,50.5,172.0,-14.0,-10.0,54.0,3.5,20,34,0
2018-12-09,Green Bay,Atlanta,14,Home,-4.0,50.5,-197.0,14.0,10.0,54.0,3.5,34,20,1
2018-12-09,Denver,San Francisco,14,Away,-3.0,45.5,-160.0,-6.0,-9.0,34.0,-11.5,14,20,0
2018-12-09,San Francisco,Denver,14,Home,3.0,45.5,145.0,6.0,9.0,34.0,-11.5,20,14,1
2018-12-09,Cincinnati,LA Chargers,14,Away,17.0,48.5,875.0,-5.0,12.0,47.0,-1.5,21,26,0
2018-12-09,LA Chargers,Cincinnati,14,Home,-17.0,48.5,-1300.0,5.0,-12.0,47.0,-1.5,26,21,1
2018-12-09,Detroit,Arizona,14,Away,-2.5,40.0,-140.0,14.0,11.5,20.0,-20.0,17,3,1
2018-12-09,Arizona,Detroit,14,Home,2.5,40.0,120.0,-14.0,-11.5,20.0,-20.0,3,17,0
2018-12-09,Philadelphia,Dallas,14,Away,3.5,45.5,159.0,-6.0,-2.5,52.0,6.5,23,29,0
2018-12-09,Dallas,Philadelphia,14,Home,-3.5,45.5,-177.0,6.0,2.5,52.0,6.5,29,23,1
2018-12-09,Pittsburgh,Oakland,14,Away,-10.0,51.0,-459.0,-3.0,-13.0,45.0,-6.0,21,24,0
2018-12-09,Oakland,Pittsburgh,14,Home,10.0,51.0,392.0,3.0,13.0,45.0,-6.0,24,21,1
2018-12-10,Minnesota,Seattle,14,Away,3.0,45.5,148.0,-14.0,-11.0,28.0,-17.5,7,21,0
2018-12-10,Seattle,Minnesota,14,Home,-3.0,45.5,-168.0,14.0,11.0,28.0,-17.5,21,7,1
2018-12-13,LA Chargers,Kansas City,15,Away,3.5,54.5,174.0,1.0,4.5,57.0,2.5,29,28,1
2018-12-13,Kansas City,LA Chargers,15,Home,-3.5,54.5,-194.0,-1.0,-4.5,57.0,2.5,28,29,0
2018-12-15,Houston,NY Jets,15,Away,-7.0,44.5,-310.0,7.0,0.0,51.0,6.5,29,22,1
2018-12-15,NY Jets,Houston,15,Home,7.0,44.5,255.0,-7.0,0.0,51.0,6.5,22,29,0
2018-12-15,Cleveland,Denver,15,Away,1.5,47.0,114.0,1.0,2.5,33.0,-14.0,17,16,1
2018-12-15,Denver,Cleveland,15,Home,-1.5,47.0,-126.0,-1.0,-2.5,33.0,-14.0,16,17,0
2018-12-16,Detroit,Buffalo,15,Away,2.5,39.5,136.0,-1.0,1.5,27.0,-12.5,13,14,0
2018-12-16,Buffalo,Detroit,15,Home,-2.5,39.5,-150.0,1.0,-1.5,27.0,-12.5,14,13,1
2018-12-16,Green Bay,Chicago,15,Away,5.5,46.0,201.0,-7.0,-1.5,41.0,-5.0,17,24,0
2018-12-16,Chicago,Green Bay,15,Home,-5.5,46.0,-225.0,7.0,1.5,41.0,-5.0,24,17,1
2018-12-16,Oakland,Cincinnati,15,Away,3.0,46.0,148.0,-14.0,-11.0,46.0,0.0,16,30,0
2018-12-16,Cincinnati,Oakland,15,Home,-3.0,46.0,-170.0,14.0,11.0,46.0,0.0,30,16,1
2018-12-16,Tampa Bay,Baltimore,15,Away,9.0,44.5,319.0,-8.0,1.0,32.0,-12.5,12,20,0
2018-12-16,Baltimore,Tampa Bay,15,Home,-9.0,44.5,-367.0,8.0,-1.0,32.0,-12.5,20,12,1
2018-12-16,Arizona,Atlanta,15,Away,9.0,43.5,334.0,-26.0,-17.0,54.0,10.5,14,40,0
2018-12-16,Atlanta,Arizona,15,Home,-9.0,43.5,-425.0,26.0,17.0,54.0,10.5,40,14,1
2018-12-16,Dallas,Indianapolis,15,Away,3.0,47.0,150.0,-23.0,-20.0,23.0,-24.0,0,23,0
2018-12-16,Indianapolis,Dallas,15,Home,-3.0,47.0,-170.0,23.0,20.0,23.0,-24.0,23,0,1
2018-12-16,Tennessee,NY Giants,15,Away,-2.5,42.0,-134.0,17.0,14.5,17.0,-25.0,17,0,1
2018-12-16,NY Giants,Tennessee,15,Home,2.5,42.0,121.0,-17.0,-14.5,17.0,-25.0,0,17,0
2018-12-16,Miami,Minnesota,15,Away,7.5,45.0,302.0,-24.0,-16.5,58.0,13.0,17,41,0
2018-12-16,Minnesota,Miami,15,Home,-7.5,45.0,-346.0,24.0,16.5,58.0,13.0,41,17,1
2018-12-16,Washington,Jacksonville,15,Away,7.5,36.5,271.0,3.0,10.5,29.0,-7.5,16,13,1
2018-12-16,Jacksonville,Washington,15,Home,-7.5,36.5,-308.0,-3.0,-10.5,29.0,-7.5,13,16,0
2018-12-16,Seattle,San Francisco,15,Away,-4.0,44.0,-210.0,-3.0,-7.0,49.0,5.0,23,26,0
2018-12-16,San Francisco,Seattle,15,Home,4.0,44.0,180.0,3.0,7.0,49.0,5.0,26,23,1
2018-12-16,New England,Pittsburgh,15,Away,-2.5,55.0,-145.0,-7.0,-9.5,27.0,-28.0,10,17,0
2018-12-16,Pittsburgh,New England,15,Home,2.5,55.0,125.0,7.0,9.5,27.0,-28.0,17,10,1
2018-12-16,Philadelphia,LA Rams,15,Away,13.5,52.5,614.0,7.0,20.5,53.0,0.5,30,23,1
2018-12-16,LA Rams,Philadelphia,15,Home,-13.5,52.5,-900.0,-7.0,-20.5,53.0,0.5,23,30,0
2018-12-17,New Orleans,Carolina,15,Away,-6.0,50.5,-248.0,3.0,-3.0,21.0,-29.5,12,9,1
2018-12-17,Carolina,New Orleans,15,Home,6.0,50.5,221.0,-3.0,3.0,21.0,-29.5,9,12,0
2018-12-23,NY Giants,Indianapolis,16,Away,10.0,48.5,370.0,-1.0,9.0,55.0,6.5,27,28,0
2018-12-23,Indianapolis,NY Giants,16,Home,-10.0,48.5,-440.0,1.0,-9.0,55.0,6.5,28,27,1
2018-12-23,Houston,Philadelphia,16,Away,2.0,47.0,110.0,-2.0,0.0,62.0,15.0,30,32,0
2018-12-23,Philadelphia,Houston,16,Home,-2.0,47.0,-130.0,2.0,0.0,62.0,15.0,32,30,1
2018-12-23,Green Bay,NY Jets,16,Away,-3.0,47.0,-160.0,6.0,3.0,82.0,35.0,44,38,1
2018-12-23,NY Jets,Green Bay,16,Home,3.0,47.0,140.0,-6.0,-3.0,82.0,35.0,38,44,0
2018-12-23,Buffalo,New England,16,Away,13.5,45.0,575.0,-12.0,1.5,36.0,-9.0,12,24,0
2018-12-23,New England,Buffalo,16,Home,-13.5,45.0,-825.0,12.0,-1.5,36.0,-9.0,24,12,1
2018-12-23,Minnesota,Detroit,16,Away,-6.5,42.5,-280.0,18.0,11.5,36.0,-6.5,27,9,1
2018-12-23,Detroit,Minnesota,16,Home,6.5,42.5,230.0,-18.0,-11.5,36.0,-6.5,9,27,0
2018-12-23,Tampa Bay,Dallas,16,Away,7.5,48.0,280.0,-7.0,0.5,47.0,-1.0,20,27,0
2018-12-23,Dallas,Tampa Bay,16,Home,-7.5,48.0,-340.0,7.0,-0.5,47.0,-1.0,27,20,1
2018-12-23,Jacksonville,Miami,16,Away,3.0,39.5,148.0,10.0,13.0,24.0,-15.5,17,7,1
2018-12-23,Miami,Jacksonville,16,Home,-3.0,39.5,-164.0,-10.0,-13.0,24.0,-15.5,7,17,0
2018-12-22,Washington,Tennessee,16,Away,12.0,38.0,465.0,-9.0,3.0,41.0,3.0,16,25,0
2018-12-22,Tennessee,Washington,16,Home,-12.0,38.0,-630.0,9.0,-3.0,41.0,3.0,25,16,1
2018-12-23,Atlanta,Carolina,16,Away,-3.0,46.0,-145.0,14.0,11.0,34.0,-12.0,24,10,1
2018-12-23,Carolina,Atlanta,16,Home,3.0,46.0,125.0,-14.0,-11.0,34.0,-12.0,10,24,0
2018-12-23,Cincinnati,Cleveland,16,Away,10.0,44.0,345.0,-8.0,2.0,44.0,0.0,18,26,0
2018-12-23,Cleveland,Cincinnati,16,Home,-10.0,44.0,-415.0,8.0,-2.0,44.0,0.0,26,18,1
2018-12-23,Chicago,San Francisco,16,Away,-3.5,44.0,-190.0,5.0,1.5,23.0,-21.0,14,9,1
2018-12-23,San Francisco,Chicago,16,Home,3.5,44.0,171.0,-5.0,-1.5,23.0,-21.0,9,14,0
2018-12-23,LA Rams,Arizona,16,Away,-14.0,43.5,-750.0,22.0,8.0,40.0,-3.5,31,9,1
2018-12-23,Arizona,LA Rams,16,Home,14.0,43.5,534.0,-22.0,-8.0,40.0,-3.5,9,31,0
2018-12-22,Baltimore,LA Chargers,16,Away,4.0,42.5,186.0,12.0,16.0,32.0,-10.5,22,10,1
2018-12-22,LA Chargers,Baltimore,16,Home,-4.0,42.5,-208.0,-12.0,-16.0,32.0,-10.5,10,22,0
2018-12-23,Pittsburgh,New Orleans,16,Away,6.5,53.0,235.0,-3.0,3.5,59.0,6.0,28,31,0
2018-12-23,New Orleans,Pittsburgh,16,Home,-6.5,53.0,-275.0,3.0,-3.5,59.0,6.0,31,28,1
2018-12-23,Kansas City,Seattle,16,Away,-1.0,54.5,-112.0,-7.0,-8.0,69.0,14.5,31,38,0
2018-12-23,Seattle,Kansas City,16,Home,1.0,54.5,101.0,7.0,8.0,69.0,14.5,38,31,1
2018-12-24,Denver,Oakland,16,Away,-2.5,42.5,-125.0,-13.0,-15.5,41.0,-1.5,14,27,0
2018-12-24,Oakland,Denver,16,Home,2.5,42.5,113.0,13.0,15.5,41.0,-1.5,27,14,1
2018-12-30,Miami,Buffalo,17,Away,5.5,39.5,210.0,-25.0,-19.5,59.0,19.5,17,42,0
2018-12-30,Buffalo,Miami,17,Home,-5.5,39.5,-250.0,25.0,19.5,59.0,19.5,42,17,1
2018-12-30,Detroit,Green Bay,17,Away,7.5,44.5,284.0,31.0,38.5,31.0,-13.5,31,0,1
2018-12-30,Green Bay,Detroit,17,Home,-7.5,44.5,-324.0,-31.0,-38.5,31.0,-13.5,0,31,0
2018-12-30,Jacksonville,Houston,17,Away,7.0,39.5,281.0,-17.0,-10.0,23.0,-16.5,3,20,0
2018-12-30,Houston,Jacksonville,17,Home,-7.0,39.5,-320.0,17.0,10.0,23.0,-16.5,20,3,1
2018-12-30,Oakland,Kansas City,17,Away,14.0,52.5,639.0,-32.0,-18.0,38.0,-14.5,3,35,0
2018-12-30,Kansas City,Oakland,17,Home,-14.0,52.5,-950.0,32.0,18.0,38.0,-14.5,35,3,1
2018-12-30,Chicago,Minnesota,17,Away,6.0,40.0,205.0,14.0,20.0,34.0,-6.0,24,10,1
2018-12-30,Minnesota,Chicago,17,Home,-6.0,40.0,-245.0,-14.0,-20.0,34.0,-6.0,10,24,0
2018-12-30,NY Jets,New England,17,Away,14.0,46.5,575.0,-35.0,-21.0,41.0,-5.5,3,38,0
2018-12-30,New England,NY Jets,17,Home,-14.0,46.5,-825.0,35.0,21.0,41.0,-5.5,38,3,1
2018-12-30,Carolina,New Orleans,17,Away,8.0,41.5,280.0,19.0,27.0,47.0,5.5,33,14,1
2018-12-30,New Orleans,Carolina,17,Home,-8.0,41.5,-340.0,-19.0,-27.0,47.0,5.5,14,33,0
2018-12-30,Dallas,NY Giants,17,Away,7.5,38.5,270.0,1.0,8.5,71.0,32.5,36,35,1
2018-12-30,NY Giants,Dallas,17,Home,-7.5,38.5,-325.0,-1.0,-8.5,71.0,32.5,35,36,0
2018-12-30,Cincinnati,Pittsburgh,17,Away,14.0,45.5,535.0,-3.0,11.0,29.0,-16.5,13,16,0
2018-12-30,Pittsburgh,Cincinnati,17,Home,-14.0,45.5,-700.0,3.0,-11.0,29.0,-16.5,16,13,1
2018-12-30,Atlanta,Tampa Bay,17,Away,-2.5,52.0,-148.0,2.0,-0.5,66.0,14.0,34,32,1
2018-12-30,Tampa Bay,Atlanta,17,Home,2.5,52.0,128.0,-2.0,0.5,66.0,14.0,32,34,0
2018-12-30,Indianapolis,Tennessee,17,Away,-5.0,42.5,-245.0,16.0,11.0,50.0,7.5,33,17,1
2018-12-30,Tennessee,Indianapolis,17,Home,5.0,42.5,203.0,-16.0,-11.0,50.0,7.5,17,33,0
2018-12-30,Philadelphia,Washington,17,Away,-6.0,42.5,-250.0,24.0,18.0,24.0,-18.5,24,0,1
2018-12-30,Washington,Philadelphia,17,Home,6.0,42.5,210.0,-24.0,-18.0,24.0,-18.5,0,24,0
2018-12-30,Cleveland,Baltimore,17,Away,7.0,40.5,271.0,-2.0,5.0,50.0,9.5,24,26,0
2018-12-30,Baltimore,Cleveland,17,Home,-7.0,40.5,-335.0,2.0,-5.0,50.0,9.5,26,24,1
2018-12-30,LA Chargers,Denver,17,Away,-7.0,43.5,-310.0,14.0,7.0,32.0,-11.5,23,9,1
2018-12-30,Denver,LA Chargers,17,Home,7.0,43.5,260.0,-14.0,-7.0,32.0,-11.5,9,23,0
2018-12-30,Arizona,Seattle,17,Away,14.0,39.5,562.0,-3.0,11.0,51.0,11.5,24,27,0
2018-12-30,Seattle,Arizona,17,Home,-14.0,39.5,-800.0,3.0,-11.0,51.0,11.5,27,24,1
2018-12-30,San Francisco,LA Rams,17,Away,10.5,50.0,365.0,-16.0,-5.5,80.0,30.0,32,48,0
2018-12-30,LA Rams,San Francisco,17,Home,-10.5,50.0,-460.0,16.0,5.5,80.0,30.0,48,32,1
